JobName,OnetSocCode,JobZone
General and Operations Managers,11-1021.00,4
Legislators,11-1031.00,4
Advertising and Promotions Managers,11-2011.00,4
Marketing Managers,11-2021.00,4
Sales Managers,11-2022.00,4
Public Relations Managers,11-2032.00,4
Fundraising Managers,11-2033.00,4
Administrative Services Managers,11-3012.00,3
Facilities Managers,11-3013.00,3
Security Managers,11-3013.01,4
Computer and Information Systems Managers,11-3021.00,4
Financial Managers,11-3031.00,4
Treasurers and Controllers,11-3031.01,4
Industrial Production Managers,11-3051.00,4
Quality Control Systems Managers,11-3051.01,4
Geothermal Production Managers,11-3051.02,3
Biofuels Production Managers,11-3051.03,4
Biomass Power Plant Managers,11-3051.04,4
Hydroelectric Production Managers,11-3051.06,3
Purchasing Managers,11-3061.00,4
"Transportation, Storage, and Distribution Managers",11-3071.00,4
Supply Chain Managers,11-3071.04,4
Compensation and Benefits Managers,11-3111.00,4
Human Resources Managers,11-3121.00,4
Training and Development Managers,11-3131.00,4
"Farmers, Ranchers, and Other Agricultural Managers",11-9013.00,4
Construction Managers,11-9021.00,4
"Education and Childcare Administrators, Preschool and Daycare",11-9031.00,4
Biofuels/Biodiesel Technology and Product Development Managers,11-9041.01,4
Food Service Managers,11-9051.00,2
Gambling Managers,11-9071.00,2
"Entertainment and Recreation Managers, Except Gambling",11-9072.00,4
Lodging Managers,11-9081.00,4
Medical and Health Services Managers,11-9111.00,4
Clinical Research Coordinators,11-9121.01,4
Water Resource Specialists,11-9121.02,4
Postmasters and Mail Superintendents,11-9131.00,2
"Property, Real Estate, and Community Association Managers",11-9141.00,4
Social and Community Service Managers,11-9151.00,4
Emergency Management Directors,11-9161.00,4
Funeral Home Managers,11-9171.00,3
Fitness and Wellness Coordinators,11-9179.01,4
Spa Managers,11-9179.02,3
Regulatory Affairs Managers,11-9199.01,4
Compliance Managers,11-9199.02,4
Loss Prevention Managers,11-9199.08,4
Wind Energy Operations Managers,11-9199.09,3
Wind Energy Development Managers,11-9199.10,4
Brownfield Redevelopment Specialists and Site Managers,11-9199.11,4
"Agents and Business Managers of Artists, Performers, and Athletes",13-1011.00,4
"Buyers and Purchasing Agents, Farm Products",13-1021.00,4
"Wholesale and Retail Buyers, Except Farm Products",13-1022.00,3
"Purchasing Agents, Except Wholesale, Retail, and Farm Products",13-1023.00,4
"Claims Adjusters, Examiners, and Investigators",13-1031.00,4
"Insurance Appraisers, Auto Damage",13-1032.00,3
Compliance Officers,13-1041.00,4
Environmental Compliance Inspectors,13-1041.01,4
Equal Opportunity Representatives and Officers,13-1041.03,4
Government Property Inspectors and Investigators,13-1041.04,3
Coroners,13-1041.06,3
Regulatory Affairs Specialists,13-1041.07,4
Customs Brokers,13-1041.08,3
Cost Estimators,13-1051.00,4
Human Resources Specialists,13-1071.00,4
Farm Labor Contractors,13-1074.00,2
Labor Relations Specialists,13-1075.00,4
Logisticians,13-1081.00,4
Logistics Engineers,13-1081.01,4
Logistics Analysts,13-1081.02,4
Project Management Specialists,13-1082.00,4
Management Analysts,13-1111.00,4
"Meeting, Convention, and Event Planners",13-1121.00,4
Fundraisers,13-1131.00,4
"Compensation, Benefits, and Job Analysis Specialists",13-1141.00,4
Training and Development Specialists,13-1151.00,4
Market Research Analysts and Marketing Specialists,13-1161.00,4
Search Marketing Strategists,13-1161.01,4
Business Continuity Planners,13-1199.04,4
Sustainability Specialists,13-1199.05,4
Online Merchants,13-1199.06,4
Security Management Specialists,13-1199.07,4
Accountants and Auditors,13-2011.00,4
Appraisers of Personal and Business Property,13-2022.00,4
Appraisers and Assessors of Real Estate,13-2023.00,4
Budget Analysts,13-2031.00,4
Credit Analysts,13-2041.00,4
Financial and Investment Analysts,13-2051.00,4
Personal Financial Advisors,13-2052.00,4
Insurance Underwriters,13-2053.00,4
Financial Risk Specialists,13-2054.00,4
Financial Examiners,13-2061.00,4
Credit Counselors,13-2071.00,4
Loan Officers,13-2072.00,4
"Tax Examiners and Collectors, and Revenue Agents",13-2081.00,3
Tax Preparers,13-2082.00,3
"Fraud Examiners, Investigators and Analysts",13-2099.04,4
Computer Systems Analysts,15-1211.00,4
Information Security Analysts,15-1212.00,4
Computer Network Support Specialists,15-1231.00,4
Computer User Support Specialists,15-1232.00,3
Computer Network Architects,15-1241.00,4
Telecommunications Engineering Specialists,15-1241.01,3
Database Administrators,15-1242.00,4
Database Architects,15-1243.00,4
Data Warehousing Specialists,15-1243.01,4
Network and Computer Systems Administrators,15-1244.00,3
Computer Programmers,15-1251.00,4
Software Developers,15-1252.00,4
Software Quality Assurance Analysts and Testers,15-1253.00,4
Web Developers,15-1254.00,3
Web and Digital Interface Designers,15-1255.00,4
Video Game Designers,15-1255.01,4
Web Administrators,15-1299.01,4
Geographic Information Systems Technologists and Technicians,15-1299.02,4
Document Management Specialists,15-1299.03,4
Penetration Testers,15-1299.04,4
Information Security Engineers,15-1299.05,4
Digital Forensics Analysts,15-1299.06,4
Blockchain Engineers,15-1299.07,4
Computer Systems Engineers/Architects,15-1299.08,3
Information Technology Project Managers,15-1299.09,4
Actuaries,15-2011.00,4
Data Scientists,15-2051.00,4
Business Intelligence Analysts,15-2051.01,4
Clinical Data Managers,15-2051.02,4
Bioinformatics Technicians,15-2099.01,4
Landscape Architects,17-1012.00,4
Cartographers and Photogrammetrists,17-1021.00,4
Surveyors,17-1022.00,4
Geodetic Surveyors,17-1022.01,4
Aerospace Engineers,17-2011.00,4
Agricultural Engineers,17-2021.00,4
Bioengineers and Biomedical Engineers,17-2031.00,4
Chemical Engineers,17-2041.00,4
Civil Engineers,17-2051.00,4
Transportation Engineers,17-2051.01,4
Water/Wastewater Engineers,17-2051.02,4
Computer Hardware Engineers,17-2061.00,4
Electrical Engineers,17-2071.00,4
"Electronics Engineers, Except Computer",17-2072.00,4
Radio Frequency Identification Device Specialists,17-2072.01,4
Environmental Engineers,17-2081.00,4
"Health and Safety Engineers, Except Mining Safety Engineers and Inspectors",17-2111.00,4
Fire-Prevention and Protection Engineers,17-2111.02,4
Industrial Engineers,17-2112.00,4
Validation Engineers,17-2112.02,4
Manufacturing Engineers,17-2112.03,4
Marine Engineers and Naval Architects,17-2121.00,4
Materials Engineers,17-2131.00,4
Mechanical Engineers,17-2141.00,4
Fuel Cell Engineers,17-2141.01,4
Automotive Engineers,17-2141.02,4
"Mining and Geological Engineers, Including Mining Safety Engineers",17-2151.00,4
Nuclear Engineers,17-2161.00,4
Petroleum Engineers,17-2171.00,4
"Energy Engineers, Except Wind and Solar",17-2199.03,4
Mechatronics Engineers,17-2199.05,4
Photonics Engineers,17-2199.07,4
Robotics Engineers,17-2199.08,4
Wind Energy Engineers,17-2199.10,4
Solar Energy Systems Engineers,17-2199.11,4
Architectural and Civil Drafters,17-3011.00,3
Electrical and Electronics Drafters,17-3012.00,3
Mechanical Drafters,17-3013.00,3
Aerospace Engineering and Operations Technologists and Technicians,17-3021.00,3
Civil Engineering Technologists and Technicians,17-3022.00,3
Electrical and Electronic Engineering Technologists and Technicians,17-3023.00,3
Electro-Mechanical and Mechatronics Technologists and Technicians,17-3024.00,3
Robotics Technicians,17-3024.01,3
Environmental Engineering Technologists and Technicians,17-3025.00,4
Industrial Engineering Technologists and Technicians,17-3026.00,3
Nanotechnology Engineering Technologists and Technicians,17-3026.01,4
Mechanical Engineering Technologists and Technicians,17-3027.00,3
Automotive Engineering Technicians,17-3027.01,3
Calibration Technologists and Technicians,17-3028.00,3
Non-Destructive Testing Specialists,17-3029.01,2
Photonics Technicians,17-3029.08,3
Surveying and Mapping Technicians,17-3031.00,3
Food Scientists and Technologists,19-1012.00,4
Microbiologists,19-1022.00,4
Zoologists and Wildlife Biologists,19-1023.00,4
Conservation Scientists,19-1031.00,4
Range Managers,19-1031.02,4
Park Naturalists,19-1031.03,4
Foresters,19-1032.00,4
Atmospheric and Space Scientists,19-2021.00,4
Chemists,19-2031.00,4
Materials Scientists,19-2032.00,4
"Environmental Scientists and Specialists, Including Health",19-2041.00,4
"Geoscientists, Except Hydrologists and Geographers",19-2042.00,4
Hydrologists,19-2043.00,4
Remote Sensing Scientists and Technologists,19-2099.01,4
Geographers,19-3092.00,4
Transportation Planners,19-3099.01,4
Agricultural Technicians,19-4012.00,3
Precision Agriculture Technicians,19-4012.01,3
Food Science Technicians,19-4013.00,3
Biological Technicians,19-4021.00,4
Chemical Technicians,19-4031.00,3
"Environmental Science and Protection Technicians, Including Health",19-4042.00,4
"Geological Technicians, Except Hydrologic Technicians",19-4043.00,4
Hydrologic Technicians,19-4044.00,3
Nuclear Technicians,19-4051.00,3
Nuclear Monitoring Technicians,19-4051.02,3
Social Science Research Assistants,19-4061.00,4
Forest and Conservation Technicians,19-4071.00,3
Forensic Science Technicians,19-4092.00,3
Quality Control Analysts,19-4099.01,3
Remote Sensing Technicians,19-4099.03,4
Occupational Health and Safety Specialists,19-5011.00,4
Occupational Health and Safety Technicians,19-5012.00,3
"Child, Family, and School Social Workers",21-1021.00,4
Health Education Specialists,21-1091.00,4
Probation Officers and Correctional Treatment Specialists,21-1092.00,4
Social and Human Service Assistants,21-1093.00,4
Community Health Workers,21-1094.00,4
"Directors, Religious Activities and Education",21-2021.00,4
Paralegals and Legal Assistants,23-2011.00,3
"Title Examiners, Abstractors, and Searchers",23-2093.00,2
"Career/Technical Education Teachers, Postsecondary",25-1194.00,3
"Preschool Teachers, Except Special Education",25-2011.00,3
"Kindergarten Teachers, Except Special Education",25-2012.00,4
"Elementary School Teachers, Except Special Education",25-2021.00,4
"Middle School Teachers, Except Special and Career/Technical Education",25-2022.00,4
"Career/Technical Education Teachers, Middle School",25-2023.00,4
"Secondary School Teachers, Except Special and Career/Technical Education",25-2031.00,4
"Career/Technical Education Teachers, Secondary School",25-2032.00,4
"Special Education Teachers, Preschool",25-2051.00,4
"Special Education Teachers, Kindergarten",25-2055.00,4
"Special Education Teachers, Elementary School",25-2056.00,4
"Special Education Teachers, Middle School",25-2057.00,4
"Special Education Teachers, Secondary School",25-2058.00,4
Adapted Physical Education Specialists,25-2059.01,4
"Adult Basic Education, Adult Secondary Education, and English as a Second Language Instructors",25-3011.00,4
Self-Enrichment Teachers,25-3021.00,3
"Substitute Teachers, Short-Term",25-3031.00,4
Tutors,25-3041.00,3
Library Technicians,25-4031.00,3
"Teaching Assistants, Preschool, Elementary, Middle, and Secondary School, Except Special Education",25-9042.00,3
"Teaching Assistants, Special Education",25-9043.00,3
Art Directors,27-1011.00,4
Craft Artists,27-1012.00,3
"Fine Artists, Including Painters, Sculptors, and Illustrators",27-1013.00,3
Special Effects Artists and Animators,27-1014.00,4
Commercial and Industrial Designers,27-1021.00,4
Fashion Designers,27-1022.00,3
Floral Designers,27-1023.00,2
Graphic Designers,27-1024.00,4
Interior Designers,27-1025.00,4
Merchandise Displayers and Window Trimmers,27-1026.00,3
Actors,27-2011.00,2
Producers and Directors,27-2012.00,4
Media Programming Directors,27-2012.03,4
Talent Directors,27-2012.04,4
Media Technical Directors/Managers,27-2012.05,4
Athletes and Sports Competitors,27-2021.00,2
Coaches and Scouts,27-2022.00,4
"Umpires, Referees, and Other Sports Officials",27-2023.00,2
Dancers,27-2031.00,3
Choreographers,27-2032.00,3
Music Directors and Composers,27-2041.00,4
Musicians and Singers,27-2042.00,4
"Disc Jockeys, Except Radio",27-2091.00,2
Broadcast Announcers and Radio Disc Jockeys,27-3011.00,4
"News Analysts, Reporters, and Journalists",27-3023.00,4
Public Relations Specialists,27-3031.00,4
Editors,27-3041.00,4
Technical Writers,27-3042.00,4
Writers and Authors,27-3043.00,4
"Poets, Lyricists and Creative Writers",27-3043.05,4
Interpreters and Translators,27-3091.00,4
Court Reporters and Simultaneous Captioners,27-3092.00,3
Audio and Video Technicians,27-4011.00,3
Broadcast Technicians,27-4012.00,3
Sound Engineering Technicians,27-4014.00,3
Lighting Technicians,27-4015.00,3
Photographers,27-4021.00,3
"Camera Operators, Television, Video, and Film",27-4031.00,3
Film and Video Editors,27-4032.00,4
Radiation Therapists,29-1124.00,3
Recreational Therapists,29-1125.00,4
Respiratory Therapists,29-1126.00,3
Exercise Physiologists,29-1128.00,4
Music Therapists,29-1129.02,4
Registered Nurses,29-1141.00,4
Acute Care Nurses,29-1141.01,4
Critical Care Nurses,29-1141.03,4
Dental Hygienists,29-1292.00,3
Medical and Clinical Laboratory Technologists,29-2011.00,4
Cytogenetic Technologists,29-2011.01,4
Histotechnologists,29-2011.04,4
Medical and Clinical Laboratory Technicians,29-2012.00,3
Histology Technicians,29-2012.01,3
Cardiovascular Technologists and Technicians,29-2031.00,3
Diagnostic Medical Sonographers,29-2032.00,3
Nuclear Medicine Technologists,29-2033.00,3
Radiologic Technologists and Technicians,29-2034.00,3
Magnetic Resonance Imaging Technologists,29-2035.00,3
Medical Dosimetrists,29-2036.00,4
Emergency Medical Technicians,29-2042.00,3
Paramedics,29-2043.00,3
Dietetic Technicians,29-2051.00,3
Pharmacy Technicians,29-2052.00,3
Psychiatric Technicians,29-2053.00,3
Surgical Technologists,29-2055.00,3
Veterinary Technologists and Technicians,29-2056.00,3
Ophthalmic Medical Technicians,29-2057.00,3
Licensed Practical and Licensed Vocational Nurses,29-2061.00,3
Medical Records Specialists,29-2072.00,3
"Opticians, Dispensing",29-2081.00,3
Hearing Aid Specialists,29-2092.00,3
Neurodiagnostic Technologists,29-2099.01,3
Ophthalmic Medical Technologists,29-2099.05,3
Patient Representatives,29-2099.08,3
Health Information Technologists and Medical Registrars,29-9021.00,3
Surgical Assistants,29-9093.00,3
Home Health Aides,31-1121.00,2
Personal Care Aides,31-1122.00,2
Nursing Assistants,31-1131.00,3
Orderlies,31-1132.00,2
Psychiatric Aides,31-1133.00,2
Occupational Therapy Assistants,31-2011.00,3
Occupational Therapy Aides,31-2012.00,3
Physical Therapist Assistants,31-2021.00,3
Physical Therapist Aides,31-2022.00,2
Massage Therapists,31-9011.00,3
Dental Assistants,31-9091.00,3
Medical Assistants,31-9092.00,3
Medical Equipment Preparers,31-9093.00,2
Medical Transcriptionists,31-9094.00,3
Pharmacy Aides,31-9095.00,2
Veterinary Assistants and Laboratory Animal Caretakers,31-9096.00,2
Phlebotomists,31-9097.00,3
Speech-Language Pathology Assistants,31-9099.01,3
Endoscopy Technicians,31-9099.02,2
First-Line Supervisors of Correctional Officers,33-1011.00,3
First-Line Supervisors of Police and Detectives,33-1012.00,2
First-Line Supervisors of Firefighting and Prevention Workers,33-1021.00,3
First-Line Supervisors of Security Workers,33-1091.00,2
Firefighters,33-2011.00,2
Fire Inspectors and Investigators,33-2021.00,3
Forest Fire Inspectors and Prevention Specialists,33-2022.00,3
Bailiffs,33-3011.00,3
Correctional Officers and Jailers,33-3012.00,2
Detectives and Criminal Investigators,33-3021.00,3
Police Identification and Records Officers,33-3021.02,3
Intelligence Analysts,33-3021.06,4
Fish and Game Wardens,33-3031.00,3
Parking Enforcement Workers,33-3041.00,2
Police and Sheriff's Patrol Officers,33-3051.00,3
Customs and Border Protection Officers,33-3051.04,3
Transit and Railroad Police,33-3052.00,3
Animal Control Workers,33-9011.00,2
Private Detectives and Investigators,33-9021.00,3
Gambling Surveillance Officers and Gambling Investigators,33-9031.00,2
Security Guards,33-9032.00,2
Crossing Guards and Flaggers,33-9091.00,2
"Lifeguards, Ski Patrol, and Other Recreational Protective Service Workers",33-9092.00,2
Transportation Security Screeners,33-9093.00,2
School Bus Monitors,33-9094.00,2
Retail Loss Prevention Specialists,33-9099.02,2
Chefs and Head Cooks,35-1011.00,3
First-Line Supervisors of Food Preparation and Serving Workers,35-1012.00,2
"Cooks, Fast Food",35-2011.00,2
"Cooks, Institution and Cafeteria",35-2012.00,2
"Cooks, Private Household",35-2013.00,3
"Cooks, Restaurant",35-2014.00,2
"Cooks, Short Order",35-2015.00,2
Food Preparation Workers,35-2021.00,2
Bartenders,35-3011.00,2
Fast Food and Counter Workers,35-3023.00,2
Baristas,35-3023.01,2
Waiters and Waitresses,35-3031.00,2
"Food Servers, Nonrestaurant",35-3041.00,2
Dining Room and Cafeteria Attendants and Bartender Helpers,35-9011.00,2
Dishwashers,35-9021.00,2
"Hosts and Hostesses, Restaurant, Lounge, and Coffee Shop",35-9031.00,2
First-Line Supervisors of Housekeeping and Janitorial Workers,37-1011.00,2
"First-Line Supervisors of Landscaping, Lawn Service, and Groundskeeping Workers",37-1012.00,3
"Janitors and Cleaners, Except Maids and Housekeeping Cleaners",37-2011.00,3
Maids and Housekeeping Cleaners,37-2012.00,2
Pest Control Workers,37-2021.00,2
Landscaping and Groundskeeping Workers,37-3011.00,2
"Pesticide Handlers, Sprayers, and Applicators, Vegetation",37-3012.00,2
Tree Trimmers and Pruners,37-3013.00,2
First-Line Supervisors of Gambling Services Workers,39-1013.00,2
"First-Line Supervisors of Entertainment and Recreation Workers, Except Gambling Services",39-1014.00,2
First-Line Supervisors of Personal Service Workers,39-1022.00,3
Animal Trainers,39-2011.00,2
Animal Caretakers,39-2021.00,2
Gambling Dealers,39-3011.00,2
Gambling and Sports Book Writers and Runners,39-3012.00,2
Motion Picture Projectionists,39-3021.00,2
"Ushers, Lobby Attendants, and Ticket Takers",39-3031.00,2
Amusement and Recreation Attendants,39-3091.00,2
Costume Attendants,39-3092.00,2
"Locker Room, Coatroom, and Dressing Room Attendants",39-3093.00,2
Embalmers,39-4011.00,3
Crematory Operators,39-4012.00,2
Funeral Attendants,39-4021.00,2
"Morticians, Undertakers, and Funeral Arrangers",39-4031.00,3
Barbers,39-5011.00,3
"Hairdressers, Hairstylists, and Cosmetologists",39-5012.00,3
"Makeup Artists, Theatrical and Performance",39-5091.00,3
Manicurists and Pedicurists,39-5092.00,2
Shampooers,39-5093.00,2
Skincare Specialists,39-5094.00,3
Baggage Porters and Bellhops,39-6011.00,2
Concierges,39-6012.00,2
Tour Guides and Escorts,39-7011.00,3
Travel Guides,39-7012.00,2
Childcare Workers,39-9011.00,2
Nannies,39-9011.01,2
Exercise Trainers and Group Fitness Instructors,39-9031.00,3
Recreation Workers,39-9032.00,4
Residential Advisors,39-9041.00,3
First-Line Supervisors of Retail Sales Workers,41-1011.00,2
First-Line Supervisors of Non-Retail Sales Workers,41-1012.00,4
Cashiers,41-2011.00,2
Gambling Change Persons and Booth Cashiers,41-2012.00,2
Counter and Rental Clerks,41-2021.00,2
Parts Salespersons,41-2022.00,2
Retail Salespersons,41-2031.00,2
Advertising Sales Agents,41-3011.00,3
Insurance Sales Agents,41-3021.00,4
"Securities, Commodities, and Financial Services Sales Agents",41-3031.00,4
Travel Agents,41-3041.00,3
"Sales Representatives of Services, Except Advertising, Insurance, Financial Services, and Travel",41-3091.00,2
"Sales Representatives, Wholesale and Manufacturing, Technical and Scientific Products",41-4011.00,4
Solar Sales Representatives and Assessors,41-4011.07,3
"Sales Representatives, Wholesale and Manufacturing, Except Technical and Scientific Products",41-4012.00,4
Demonstrators and Product Promoters,41-9011.00,2
Models,41-9012.00,2
Real Estate Brokers,41-9021.00,4
Real Estate Sales Agents,41-9022.00,2
Sales Engineers,41-9031.00,4
Telemarketers,41-9041.00,2
"Door-to-Door Sales Workers, News and Street Vendors, and Related Workers",41-9091.00,2
First-Line Supervisors of Office and Administrative Support Workers,43-1011.00,3
"Switchboard Operators, Including Answering Service",43-2011.00,2
Telephone Operators,43-2021.00,2
Bill and Account Collectors,43-3011.00,2
Billing and Posting Clerks,43-3021.00,2
"Bookkeeping, Accounting, and Auditing Clerks",43-3031.00,3
Gambling Cage Workers,43-3041.00,2
Payroll and Timekeeping Clerks,43-3051.00,3
Procurement Clerks,43-3061.00,2
Tellers,43-3071.00,2
Brokerage Clerks,43-4011.00,3
Correspondence Clerks,43-4021.00,2
"Court, Municipal, and License Clerks",43-4031.00,2
"Credit Authorizers, Checkers, and Clerks",43-4041.00,2
Customer Service Representatives,43-4051.00,2
"Eligibility Interviewers, Government Programs",43-4061.00,3
File Clerks,43-4071.00,2
"Hotel, Motel, and Resort Desk Clerks",43-4081.00,2
"Interviewers, Except Eligibility and Loan",43-4111.00,3
"Library Assistants, Clerical",43-4121.00,2
Loan Interviewers and Clerks,43-4131.00,3
New Accounts Clerks,43-4141.00,3
Order Clerks,43-4151.00,2
"Human Resources Assistants, Except Payroll and Timekeeping",43-4161.00,3
Receptionists and Information Clerks,43-4171.00,2
Reservation and Transportation Ticket Agents and Travel Clerks,43-4181.00,2
Cargo and Freight Agents,43-5011.00,2
Freight Forwarders,43-5011.01,2
Couriers and Messengers,43-5021.00,2
Public Safety Telecommunicators,43-5031.00,2
"Dispatchers, Except Police, Fire, and Ambulance",43-5032.00,2
"Meter Readers, Utilities",43-5041.00,2
Postal Service Clerks,43-5051.00,2
Postal Service Mail Carriers,43-5052.00,2
"Postal Service Mail Sorters, Processors, and Processing Machine Operators",43-5053.00,2
"Production, Planning, and Expediting Clerks",43-5061.00,2
"Shipping, Receiving, and Inventory Clerks",43-5071.00,2
"Weighers, Measurers, Checkers, and Samplers, Recordkeeping",43-5111.00,2
Executive Secretaries and Executive Administrative Assistants,43-6011.00,3
Legal Secretaries and Administrative Assistants,43-6012.00,3
Medical Secretaries and Administrative Assistants,43-6013.00,2
"Secretaries and Administrative Assistants, Except Legal, Medical, and Executive",43-6014.00,2
Data Entry Keyers,43-9021.00,2
Word Processors and Typists,43-9022.00,2
Desktop Publishers,43-9031.00,3
Insurance Claims and Policy Processing Clerks,43-9041.00,2
"Mail Clerks and Mail Machine Operators, Except Postal Service",43-9051.00,2
"Office Clerks, General",43-9061.00,2
"Office Machine Operators, Except Computer",43-9071.00,2
Proofreaders and Copy Markers,43-9081.00,4
Statistical Assistants,43-9111.00,4
"First-Line Supervisors of Farming, Fishing, and Forestry Workers",45-1011.00,3
Agricultural Inspectors,45-2011.00,2
Animal Breeders,45-2021.00,2
"Graders and Sorters, Agricultural Products",45-2041.00,2
Agricultural Equipment Operators,45-2091.00,2
"Farmworkers and Laborers, Crop, Nursery, and Greenhouse",45-2092.00,2
"Farmworkers, Farm, Ranch, and Aquacultural Animals",45-2093.00,2
Fishing and Hunting Workers,45-3031.00,2
Forest and Conservation Workers,45-4011.00,2
Fallers,45-4021.00,2
Logging Equipment Operators,45-4022.00,2
Log Graders and Scalers,45-4023.00,2
First-Line Supervisors of Construction Trades and Extraction Workers,47-1011.00,3
Solar Energy Installation Managers,47-1011.03,3
Boilermakers,47-2011.00,2
Brickmasons and Blockmasons,47-2021.00,2
Stonemasons,47-2022.00,2
Carpenters,47-2031.00,2
Carpet Installers,47-2041.00,2
"Floor Layers, Except Carpet, Wood, and Hard Tiles",47-2042.00,2
Floor Sanders and Finishers,47-2043.00,2
Tile and Stone Setters,47-2044.00,2
Cement Masons and Concrete Finishers,47-2051.00,2
Terrazzo Workers and Finishers,47-2053.00,2
Construction Laborers,47-2061.00,2
"Paving, Surfacing, and Tamping Equipment Operators",47-2071.00,2
Pile Driver Operators,47-2072.00,2
Operating Engineers and Other Construction Equipment Operators,47-2073.00,2
Drywall and Ceiling Tile Installers,47-2081.00,2
Tapers,47-2082.00,2
Electricians,47-2111.00,3
Glaziers,47-2121.00,2
"Insulation Workers, Floor, Ceiling, and Wall",47-2131.00,2
"Insulation Workers, Mechanical",47-2132.00,2
"Painters, Construction and Maintenance",47-2141.00,2
Paperhangers,47-2142.00,2
Pipelayers,47-2151.00,2
"Plumbers, Pipefitters, and Steamfitters",47-2152.00,3
Solar Thermal Installers and Technicians,47-2152.04,3
Plasterers and Stucco Masons,47-2161.00,2
Reinforcing Iron and Rebar Workers,47-2171.00,2
Roofers,47-2181.00,2
Sheet Metal Workers,47-2211.00,2
Structural Iron and Steel Workers,47-2221.00,2
Solar Photovoltaic Installers,47-2231.00,2
"Helpers--Brickmasons, Blockmasons, Stonemasons, and Tile and Marble Setters",47-3011.00,2
Helpers--Carpenters,47-3012.00,2
Helpers--Electricians,47-3013.00,2
"Helpers--Painters, Paperhangers, Plasterers, and Stucco Masons",47-3014.00,2
"Helpers--Pipelayers, Plumbers, Pipefitters, and Steamfitters",47-3015.00,2
Helpers--Roofers,47-3016.00,2
Construction and Building Inspectors,47-4011.00,3
Energy Auditors,47-4011.01,3
Elevator and Escalator Installers and Repairers,47-4021.00,3
Fence Erectors,47-4031.00,2
Hazardous Materials Removal Workers,47-4041.00,2
Highway Maintenance Workers,47-4051.00,2
Rail-Track Laying and Maintenance Equipment Operators,47-4061.00,2
Septic Tank Servicers and Sewer Pipe Cleaners,47-4071.00,2
Segmental Pavers,47-4091.00,2
Weatherization Installers and Technicians,47-4099.03,2
"Derrick Operators, Oil and Gas",47-5011.00,2
"Rotary Drill Operators, Oil and Gas",47-5012.00,2
"Service Unit Operators, Oil and Gas",47-5013.00,2
"Excavating and Loading Machine and Dragline Operators, Surface Mining",47-5022.00,2
"Earth Drillers, Except Oil and Gas",47-5023.00,2
"Explosives Workers, Ordnance Handling Experts, and Blasters",47-5032.00,2
Continuous Mining Machine Operators,47-5041.00,2
"Roof Bolters, Mining",47-5043.00,2
"Loading and Moving Machine Operators, Underground Mining",47-5044.00,2
"Rock Splitters, Quarry",47-5051.00,2
"Roustabouts, Oil and Gas",47-5071.00,2
Helpers--Extraction Workers,47-5081.00,2
"First-Line Supervisors of Mechanics, Installers, and Repairers",49-1011.00,3
"Computer, Automated Teller, and Office Machine Repairers",49-2011.00,2
"Radio, Cellular, and Tower Equipment Installers and Repairers",49-2021.00,3
"Telecommunications Equipment Installers and Repairers, Except Line Installers",49-2022.00,3
Avionics Technicians,49-2091.00,3
"Electric Motor, Power Tool, and Related Repairers",49-2092.00,3
"Electrical and Electronics Installers and Repairers, Transportation Equipment",49-2093.00,3
"Electrical and Electronics Repairers, Commercial and Industrial Equipment",49-2094.00,3
"Electrical and Electronics Repairers, Powerhouse, Substation, and Relay",49-2095.00,3
"Electronic Equipment Installers and Repairers, Motor Vehicles",49-2096.00,3
Audiovisual Equipment Installers and Repairers,49-2097.00,3
Security and Fire Alarm Systems Installers,49-2098.00,3
Aircraft Mechanics and Service Technicians,49-3011.00,3
Automotive Body and Related Repairers,49-3021.00,2
Automotive Glass Installers and Repairers,49-3022.00,2
Automotive Service Technicians and Mechanics,49-3023.00,3
Bus and Truck Mechanics and Diesel Engine Specialists,49-3031.00,3
Farm Equipment Mechanics and Service Technicians,49-3041.00,3
"Mobile Heavy Equipment Mechanics, Except Engines",49-3042.00,3
Rail Car Repairers,49-3043.00,2
Motorboat Mechanics and Service Technicians,49-3051.00,3
Motorcycle Mechanics,49-3052.00,3
Outdoor Power Equipment and Other Small Engine Mechanics,49-3053.00,2
Bicycle Repairers,49-3091.00,2
Recreational Vehicle Service Technicians,49-3092.00,2
Tire Repairers and Changers,49-3093.00,2
Mechanical Door Repairers,49-9011.00,2
"Control and Valve Installers and Repairers, Except Mechanical Door",49-9012.00,3
"Heating, Air Conditioning, and Refrigeration Mechanics and Installers",49-9021.00,3
Home Appliance Repairers,49-9031.00,2
Industrial Machinery Mechanics,49-9041.00,3
"Maintenance Workers, Machinery",49-9043.00,3
Millwrights,49-9044.00,2
"Refractory Materials Repairers, Except Brickmasons",49-9045.00,2
Electrical Power-Line Installers and Repairers,49-9051.00,2
Telecommunications Line Installers and Repairers,49-9052.00,2
Camera and Photographic Equipment Repairers,49-9061.00,3
Medical Equipment Repairers,49-9062.00,3
Musical Instrument Repairers and Tuners,49-9063.00,3
Watch and Clock Repairers,49-9064.00,3
"Maintenance and Repair Workers, General",49-9071.00,3
Wind Turbine Service Technicians,49-9081.00,3
"Coin, Vending, and Amusement Machine Servicers and Repairers",49-9091.00,2
Commercial Divers,49-9092.00,3
Locksmiths and Safe Repairers,49-9094.00,2
Manufactured Building and Mobile Home Installers,49-9095.00,2
Riggers,49-9096.00,2
Signal and Track Switch Repairers,49-9097.00,3
"Helpers--Installation, Maintenance, and Repair Workers",49-9098.00,2
Geothermal Technicians,49-9099.01,2
First-Line Supervisors of Production and Operating Workers,51-1011.00,3
"Aircraft Structure, Surfaces, Rigging, and Systems Assemblers",51-2011.00,2
"Coil Winders, Tapers, and Finishers",51-2021.00,2
Electrical and Electronic Equipment Assemblers,51-2022.00,2
Electromechanical Equipment Assemblers,51-2023.00,2
Engine and Other Machine Assemblers,51-2031.00,2
Structural Metal Fabricators and Fitters,51-2041.00,2
Fiberglass Laminators and Fabricators,51-2051.00,2
Timing Device Assemblers and Adjusters,51-2061.00,2
Team Assemblers,51-2092.00,2
Bakers,51-3011.00,2
Butchers and Meat Cutters,51-3021.00,2
"Meat, Poultry, and Fish Cutters and Trimmers",51-3022.00,2
Slaughterers and Meat Packers,51-3023.00,2
"Food and Tobacco Roasting, Baking, and Drying Machine Operators and Tenders",51-3091.00,2
Food Batchmakers,51-3092.00,2
Food Cooking Machine Operators and Tenders,51-3093.00,2
"Extruding and Drawing Machine Setters, Operators, and Tenders, Metal and Plastic",51-4021.00,2
"Forging Machine Setters, Operators, and Tenders, Metal and Plastic",51-4022.00,2
"Rolling Machine Setters, Operators, and Tenders, Metal and Plastic",51-4023.00,2
"Cutting, Punching, and Press Machine Setters, Operators, and Tenders, Metal and Plastic",51-4031.00,2
"Drilling and Boring Machine Tool Setters, Operators, and Tenders, Metal and Plastic",51-4032.00,2
"Grinding, Lapping, Polishing, and Buffing Machine Tool Setters, Operators, and Tenders, Metal and Plastic",51-4033.00,2
"Lathe and Turning Machine Tool Setters, Operators, and Tenders, Metal and Plastic",51-4034.00,2
"Milling and Planing Machine Setters, Operators, and Tenders, Metal and Plastic",51-4035.00,2
Machinists,51-4041.00,3
Metal-Refining Furnace Operators and Tenders,51-4051.00,2
"Pourers and Casters, Metal",51-4052.00,2
"Model Makers, Metal and Plastic",51-4061.00,3
"Patternmakers, Metal and Plastic",51-4062.00,3
Foundry Mold and Coremakers,51-4071.00,2
"Molding, Coremaking, and Casting Machine Setters, Operators, and Tenders, Metal and Plastic",51-4072.00,2
"Multiple Machine Tool Setters, Operators, and Tenders, Metal and Plastic",51-4081.00,2
Tool and Die Makers,51-4111.00,3
"Welders, Cutters, Solderers, and Brazers",51-4121.00,2
"Welding, Soldering, and Brazing Machine Setters, Operators, and Tenders",51-4122.00,2
"Heat Treating Equipment Setters, Operators, and Tenders, Metal and Plastic",51-4191.00,2
"Layout Workers, Metal and Plastic",51-4192.00,2
"Plating Machine Setters, Operators, and Tenders, Metal and Plastic",51-4193.00,2
"Tool Grinders, Filers, and Sharpeners",51-4194.00,2
Prepress Technicians and Workers,51-5111.00,3
Printing Press Operators,51-5112.00,2
Print Binding and Finishing Workers,51-5113.00,2
Laundry and Dry-Cleaning Workers,51-6011.00,2
"Pressers, Textile, Garment, and Related Materials",51-6021.00,2
Sewing Machine Operators,51-6031.00,2
Shoe and Leather Workers and Repairers,51-6041.00,2
Shoe Machine Operators and Tenders,51-6042.00,2
"Sewers, Hand",51-6051.00,2
"Tailors, Dressmakers, and Custom Sewers",51-6052.00,2
Textile Bleaching and Dyeing Machine Operators and Tenders,51-6061.00,2
"Textile Cutting Machine Setters, Operators, and Tenders",51-6062.00,2
"Textile Knitting and Weaving Machine Setters, Operators, and Tenders",51-6063.00,2
"Textile Winding, Twisting, and Drawing Out Machine Setters, Operators, and Tenders",51-6064.00,2
"Extruding and Forming Machine Setters, Operators, and Tenders, Synthetic and Glass Fibers",51-6091.00,2
Fabric and Apparel Patternmakers,51-6092.00,3
Upholsterers,51-6093.00,2
Cabinetmakers and Bench Carpenters,51-7011.00,2
Furniture Finishers,51-7021.00,2
"Model Makers, Wood",51-7031.00,3
"Patternmakers, Wood",51-7032.00,3
"Sawing Machine Setters, Operators, and Tenders, Wood",51-7041.00,2
"Woodworking Machine Setters, Operators, and Tenders, Except Sawing",51-7042.00,2
Nuclear Power Reactor Operators,51-8011.00,3
Power Distributors and Dispatchers,51-8012.00,3
Power Plant Operators,51-8013.00,2
Biomass Plant Technicians,51-8013.03,2
Hydroelectric Plant Technicians,51-8013.04,3
Stationary Engineers and Boiler Operators,51-8021.00,3
Water and Wastewater Treatment Plant and System Operators,51-8031.00,2
Chemical Plant and System Operators,51-8091.00,2
Gas Plant Operators,51-8092.00,2
"Petroleum Pump System Operators, Refinery Operators, and Gaugers",51-8093.00,2
Biofuels Processing Technicians,51-8099.01,2
Chemical Equipment Operators and Tenders,51-9011.00,2
"Separating, Filtering, Clarifying, Precipitating, and Still Machine Setters, Operators, and Tenders",51-9012.00,2
"Crushing, Grinding, and Polishing Machine Setters, Operators, and Tenders",51-9021.00,2
"Grinding and Polishing Workers, Hand",51-9022.00,2
"Mixing and Blending Machine Setters, Operators, and Tenders",51-9023.00,2
"Cutters and Trimmers, Hand",51-9031.00,2
"Cutting and Slicing Machine Setters, Operators, and Tenders",51-9032.00,2
"Extruding, Forming, Pressing, and Compacting Machine Setters, Operators, and Tenders",51-9041.00,2
"Furnace, Kiln, Oven, Drier, and Kettle Operators and Tenders",51-9051.00,2
"Inspectors, Testers, Sorters, Samplers, and Weighers",51-9061.00,2
Jewelers and Precious Stone and Metal Workers,51-9071.00,3
Gem and Diamond Workers,51-9071.06,3
Dental Laboratory Technicians,51-9081.00,2
Medical Appliance Technicians,51-9082.00,2
Ophthalmic Laboratory Technicians,51-9083.00,2
Packaging and Filling Machine Operators and Tenders,51-9111.00,2
"Painting, Coating, and Decorating Workers",51-9123.00,2
"Coating, Painting, and Spraying Machine Setters, Operators, and Tenders",51-9124.00,2
Semiconductor Processing Technicians,51-9141.00,2
Photographic Process Workers and Processing Machine Operators,51-9151.00,2
Computer Numerically Controlled Tool Operators,51-9161.00,2
Computer Numerically Controlled Tool Programmers,51-9162.00,2
Adhesive Bonding Machine Operators and Tenders,51-9191.00,2
"Cleaning, Washing, and Metal Pickling Equipment Operators and Tenders",51-9192.00,2
Cooling and Freezing Equipment Operators and Tenders,51-9193.00,2
Etchers and Engravers,51-9194.00,2
"Molders, Shapers, and Casters, Except Metal and Plastic",51-9195.00,2
"Stone Cutters and Carvers, Manufacturing",51-9195.03,2
"Glass Blowers, Molders, Benders, and Finishers",51-9195.04,2
"Potters, Manufacturing",51-9195.05,3
"Paper Goods Machine Setters, Operators, and Tenders",51-9196.00,2
Tire Builders,51-9197.00,2
Helpers--Production Workers,51-9198.00,2
Aircraft Cargo Handling Supervisors,53-1041.00,2
"First-Line Supervisors of Helpers, Laborers, and Material Movers, Hand",53-1042.00,2
Recycling Coordinators,53-1042.01,2
First-Line Supervisors of Material-Moving Machine and Vehicle Operators,53-1043.00,3
First-Line Supervisors of Passenger Attendants,53-1044.00,3
"Airline Pilots, Copilots, and Flight Engineers",53-2011.00,4
Commercial Pilots,53-2012.00,3
Air Traffic Controllers,53-2021.00,3
Airfield Operations Specialists,53-2022.00,3
Flight Attendants,53-2031.00,2
"Ambulance Drivers and Attendants, Except Emergency Medical Technicians",53-3011.00,2
Driver/Sales Workers,53-3031.00,2
Heavy and Tractor-Trailer Truck Drivers,53-3032.00,2
Light Truck Drivers,53-3033.00,2
"Bus Drivers, School",53-3051.00,2
"Bus Drivers, Transit and Intercity",53-3052.00,2
Shuttle Drivers and Chauffeurs,53-3053.00,2
Taxi Drivers,53-3054.00,2
Locomotive Engineers,53-4011.00,2
"Rail Yard Engineers, Dinkey Operators, and Hostlers",53-4013.00,2
"Railroad Brake, Signal, and Switch Operators and Locomotive Firers",53-4022.00,2
Railroad Conductors and Yardmasters,53-4031.00,2
Subway and Streetcar Operators,53-4041.00,2
Sailors and Marine Oilers,53-5011.00,2
"Captains, Mates, and Pilots of Water Vessels",53-5021.00,3
Motorboat Operators,53-5022.00,2
Ship Engineers,53-5031.00,3
Bridge and Lock Tenders,53-6011.00,2
Parking Attendants,53-6021.00,2
Automotive and Watercraft Service Attendants,53-6031.00,2
Aircraft Service Attendants,53-6032.00,2
Traffic Technicians,53-6041.00,3
Transportation Inspectors,53-6051.00,4
Aviation Inspectors,53-6051.01,3
"Transportation Vehicle, Equipment and Systems Inspectors, Except Aviation",53-6051.07,2
Passenger Attendants,53-6061.00,2
Conveyor Operators and Tenders,53-7011.00,2
Crane and Tower Operators,53-7021.00,3
Dredge Operators,53-7031.00,2
Hoist and Winch Operators,53-7041.00,2
Industrial Truck and Tractor Operators,53-7051.00,2
Cleaners of Vehicles and Equipment,53-7061.00,2
"Laborers and Freight, Stock, and Material Movers, Hand",53-7062.00,2
Recycling and Reclamation Workers,53-7062.04,2
Machine Feeders and Offbearers,53-7063.00,2
"Packers and Packagers, Hand",53-7064.00,2
Stockers and Order Fillers,53-7065.00,2
Gas Compressor and Gas Pumping Station Operators,53-7071.00,2
"Pump Operators, Except Wellhead Pumpers",53-7072.00,2
Wellhead Pumpers,53-7073.00,2
Refuse and Recyclable Material Collectors,53-7081.00,2
"Tank Car, Truck, and Ship Loaders",53-7121.00,2
